"Step","lunar-energy-183 - train_loss","lunar-energy-183 - train_loss__MIN","lunar-energy-183 - train_loss__MAX","solar-spaceship-178 - train_loss","solar-spaceship-178 - train_loss__MIN","solar-spaceship-178 - train_loss__MAX","honest-plasma-175 - train_loss","honest-plasma-175 - train_loss__MIN","honest-plasma-175 - train_loss__MAX","trim-frost-110 - train_loss","trim-frost-110 - train_loss__MIN","trim-frost-110 - train_loss__MAX"
"0","1.0304134562330427","1.0304134562330427","1.0304134562330427","0.5648828504970239","0.5648828504970239","0.5648828504970239","1.2178181207404946","1.2178181207404946","1.2178181207404946","0.44299686348663186","0.44299686348663186","0.44299686348663186"
"1","0.5460340615338499","0.5460340615338499","0.5460340615338499","0.3779394324470616","0.3779394324470616","0.3779394324470616","1.1683719548039466","1.1683719548039466","1.1683719548039466","0.2078629673651929","0.2078629673651929","0.2078629673651929"
"2","0.4682996284661803","0.4682996284661803","0.4682996284661803","0.24397132447305717","0.24397132447305717","0.24397132447305717","1.140676963104392","1.140676963104392","1.140676963104392","0.17535666225466337","0.17535666225466337","0.17535666225466337"
"3","0.4225117965689245","0.4225117965689245","0.4225117965689245","0.2139897272646802","0.2139897272646802","0.2139897272646802","1.1278812964757283","1.1278812964757283","1.1278812964757283","0.15507822591553694","0.15507822591553694","0.15507822591553694"
"4","0.4207910167721083","0.4207910167721083","0.4207910167721083","0.18858245410634286","0.18858245410634286","0.18858245410634286","1.1119598226727179","1.1119598226727179","1.1119598226727179","0.14296911326032014","0.14296911326032014","0.14296911326032014"
"5","0.3464548174690151","0.3464548174690151","0.3464548174690151","0.17487359041312955","0.17487359041312955","0.17487359041312955","1.1043206444326437","1.1043206444326437","1.1043206444326437","0.12310492578167585","0.12310492578167585","0.12310492578167585"
"6","0.339250825636042","0.339250825636042","0.339250825636042","0.1695532353231742","0.1695532353231742","0.1695532353231742","1.0939779891907795","1.0939779891907795","1.0939779891907795","0.1156387985314963","0.1156387985314963","0.1156387985314963"
"7","0.3096463162006822","0.3096463162006822","0.3096463162006822","0.1584412510477522","0.1584412510477522","0.1584412510477522","1.089619568458893","1.089619568458893","1.089619568458893","0.10997140013009497","0.10997140013009497","0.10997140013009497"
"8","0.3211087673902512","0.3211087673902512","0.3211087673902512","0.15472746787581054","0.15472746787581054","0.15472746787581054","1.0836862612070528","1.0836862612070528","1.0836862612070528","0.1075630878689904","0.1075630878689904","0.1075630878689904"
"9","0.3202393372666161","0.3202393372666161","0.3202393372666161","0.15175711467580974","0.15175711467580974","0.15175711467580974","1.082165252037768","1.082165252037768","1.082165252037768","0.10591600217721747","0.10591600217721747","0.10591600217721747"
"10","0.2957975589629239","0.2957975589629239","0.2957975589629239","0.12718486954581062","0.12718486954581062","0.12718486954581062","0.8500165359778974","0.8500165359778974","0.8500165359778974","0.08793373799080369","0.08793373799080369","0.08793373799080369"
"11","0.25468584240982367","0.25468584240982367","0.25468584240982367","0.10897504676063106","0.10897504676063106","0.10897504676063106","0.6094090194072364","0.6094090194072364","0.6094090194072364","0.0837330532804975","0.0837330532804975","0.0837330532804975"
"12","0.21569526880604667","0.21569526880604667","0.21569526880604667","0.09777902591528383","0.09777902591528383","0.09777902591528383","0.4900959405884053","0.4900959405884053","0.4900959405884053","0.08260417679945628","0.08260417679945628","0.08260417679945628"
"13","0.1932511216626977","0.1932511216626977","0.1932511216626977","0.08457116566176684","0.08457116566176684","0.08457116566176684","0.43349359500333196","0.43349359500333196","0.43349359500333196","0.07378435707036055","0.07378435707036055","0.07378435707036055"
"14","0.17548019929127123","0.17548019929127123","0.17548019929127123","0.07340132300771257","0.07340132300771257","0.07340132300771257","0.38542283169878355","0.38542283169878355","0.38542283169878355","0.0729670264342296","0.0729670264342296","0.0729670264342296"
"15","0.17246762774650407","0.17246762774650407","0.17246762774650407","0.06887599517995456","0.06887599517995456","0.06887599517995456","0.3493597224823334","0.3493597224823334","0.3493597224823334","0.07874373687700656","0.07874373687700656","0.07874373687700656"
"16","0.15906417126175743","0.15906417126175743","0.15906417126175743","0.061092542196219825","0.061092542196219825","0.061092542196219825","0.32448847921764323","0.32448847921764323","0.32448847921764323","0.07898117184826413","0.07898117184826413","0.07898117184826413"
"17","0.13922165832804434","0.13922165832804434","0.13922165832804434","0.06047996805055336","0.06047996805055336","0.06047996805055336","0.31132065635057365","0.31132065635057365","0.31132065635057365","0.0701255590473331","0.0701255590473331","0.0701255590473331"
"18","0.12691119661870992","0.12691119661870992","0.12691119661870992","0.05707084750698048","0.05707084750698048","0.05707084750698048","0.29131838023287693","0.29131838023287693","0.29131838023287693","0.06947368946652742","0.06947368946652742","0.06947368946652742"
"19","0.12027335285015826","0.12027335285015826","0.12027335285015826","0.05580118693083337","0.05580118693083337","0.05580118693083337","0.27427580249759387","0.27427580249759387","0.27427580249759387","0.06644803055052487","0.06644803055052487","0.06644803055052487"
"20","0.11439478571684855","0.11439478571684855","0.11439478571684855","0.04775518265628965","0.04775518265628965","0.04775518265628965","0.256415882013129","0.256415882013129","0.256415882013129","0.06648787131661889","0.06648787131661889","0.06648787131661889"
"21","0.14267836795100625","0.14267836795100625","0.14267836795100625","0.04580022822011192","0.04580022822011192","0.04580022822011192","0.2512497399588051","0.2512497399588051","0.2512497399588051","0.06025690860905737","0.06025690860905737","0.06025690860905737"
"22","0.10846589334637115","0.10846589334637115","0.10846589334637115","0.04502239020646743","0.04502239020646743","0.04502239020646743","0.24707817487746664","0.24707817487746664","0.24707817487746664","0.062236186449632705","0.062236186449632705","0.062236186449632705"
"23","0.09583637429483281","0.09583637429483281","0.09583637429483281","0.042079759942098234","0.042079759942098234","0.042079759942098234","0.23992517108812272","0.23992517108812272","0.23992517108812272","0.06641298624329597","0.06641298624329597","0.06641298624329597"
"24","0.09959444837562693","0.09959444837562693","0.09959444837562693","0.0398368396075829","0.0398368396075829","0.0398368396075829","0.23283222887501026","0.23283222887501026","0.23283222887501026","0.07311062789375677","0.07311062789375677","0.07311062789375677"
"25","0.09308672755394341","0.09308672755394341","0.09308672755394341","0.038182014133195455","0.038182014133195455","0.038182014133195455","0.24661847793456143","0.24661847793456143","0.24661847793456143","0.06014987950992284","0.06014987950992284","0.06014987950992284"
"26","0.0895395926522009","0.0895395926522009","0.0895395926522009","0.040995906112985044","0.040995906112985044","0.040995906112985044","0.23043882307016625","0.23043882307016625","0.23043882307016625","0.05885204886021854","0.05885204886021854","0.05885204886021854"
"27","0.08261373813422221","0.08261373813422221","0.08261373813422221","0.03629503220600902","0.03629503220600902","0.03629503220600902","0.21295080381744314","0.21295080381744314","0.21295080381744314","0.057520913388931526","0.057520913388931526","0.057520913388931526"
"28","0.08434191632945583","0.08434191632945583","0.08434191632945583","0.03713328060957621","0.03713328060957621","0.03713328060957621","0.200057190375508","0.200057190375508","0.200057190375508","0.05361062763434536","0.05361062763434536","0.05361062763434536"
"29","0.08448339456094886","0.08448339456094886","0.08448339456094886","0.03410409739088712","0.03410409739088712","0.03410409739088712","0.186781001578337","0.186781001578337","0.186781001578337","0.05185419040843376","0.05185419040843376","0.05185419040843376"
"30","0.08043742477425239","0.08043742477425239","0.08043742477425239","0.03457864629303884","0.03457864629303884","0.03457864629303884","0.1709427427570775","0.1709427427570775","0.1709427427570775","0.05165324833408092","0.05165324833408092","0.05165324833408092"
"31","0.07528084166488558","0.07528084166488558","0.07528084166488558","0.031225529793392187","0.031225529793392187","0.031225529793392187","0.16095474310828456","0.16095474310828456","0.16095474310828456","0.050484760602315264","0.050484760602315264","0.050484760602315264"
"32","0.07551156169494742","0.07551156169494742","0.07551156169494742","0.031224605115423413","0.031224605115423413","0.031224605115423413","0.15684547154408582","0.15684547154408582","0.15684547154408582","0.0554006778219211","0.0554006778219211","0.0554006778219211"
"33","0.07265860255128183","0.07265860255128183","0.07265860255128183","0.03416970450454538","0.03416970450454538","0.03416970450454538","0.1474057931195265","0.1474057931195265","0.1474057931195265","0.052514902197714874","0.052514902197714874","0.052514902197714874"
"34","0.0695849154214814","0.0695849154214814","0.0695849154214814","0.03288759053362615","0.03288759053362615","0.03288759053362615","0.13800093994575477","0.13800093994575477","0.13800093994575477","0.05201007417350445","0.05201007417350445","0.05201007417350445"
"35","0.07269944270264428","0.07269944270264428","0.07269944270264428","0.03137878121679309","0.03137878121679309","0.03137878121679309","0.13054886327224707","0.13054886327224707","0.13054886327224707","0.05181349258190431","0.05181349258190431","0.05181349258190431"
"36","0.07068534712746458","0.07068534712746458","0.07068534712746458","0.030597157959105833","0.030597157959105833","0.030597157959105833","0.12684007159568977","0.12684007159568977","0.12684007159568977","0.045656534242180156","0.045656534242180156","0.045656534242180156"
"37","0.061132233917900604","0.061132233917900604","0.061132233917900604","0.02978208770495166","0.02978208770495166","0.02978208770495166","0.11466073779939856","0.11466073779939856","0.11466073779939856","0.047503801336828265","0.047503801336828265","0.047503801336828265"
"38","0.062796867095262","0.062796867095262","0.062796867095262","0.028315465421702875","0.028315465421702875","0.028315465421702875","0.11321398627083257","0.11321398627083257","0.11321398627083257","0.045177890013598794","0.045177890013598794","0.045177890013598794"
"39","0.06917277450362841","0.06917277450362841","0.06917277450362841","0.03265394832728044","0.03265394832728044","0.03265394832728044","0.11117032389595824","0.11117032389595824","0.11117032389595824","0.044201708800575265","0.044201708800575265","0.044201708800575265"
"40","","","","","","","0.10687111655496201","0.10687111655496201","0.10687111655496201","","",""
"41","","","","","","","0.10195046810421554","0.10195046810421554","0.10195046810421554","","",""
"42","","","","","","","0.096862719072111","0.096862719072111","0.096862719072111","","",""
"43","","","","","","","0.10051514379820733","0.10051514379820733","0.10051514379820733","","",""
"44","","","","","","","0.08896716061815525","0.08896716061815525","0.08896716061815525","","",""
"45","","","","","","","0.09548694429532537","0.09548694429532537","0.09548694429532537","","",""
"46","","","","","","","0.08435417587089838","0.08435417587089838","0.08435417587089838","","",""
"47","","","","","","","0.08546077232315855","0.08546077232315855","0.08546077232315855","","",""
"48","","","","","","","0.07800830973769134","0.07800830973769134","0.07800830973769134","","",""
"49","","","","","","","0.07653247505988715","0.07653247505988715","0.07653247505988715","","",""